"filename", "language", "Makefile", "Properties", "C++", "Markdown", "C", "x86 and x86_64 Assembly", "LinkerScript", "comment", "blank", "total"
"/home/lexyleinchen/osdev/PrintOS/Makefile", "Makefile", 108, 0, 0, 0, 0, 0, 0, 0, 36, 144
"/home/lexyleinchen/osdev/PrintOS/README.md", "Markdown", 0, 0, 0, 106, 0, 0, 0, 0, 68, 174
"/home/lexyleinchen/osdev/PrintOS/iso/boot/grub/grub.cfg", "Properties", 0, 4, 0, 0, 0, 0, 0, 0, 0, 4
"/home/lexyleinchen/osdev/PrintOS/src/apps/calculator/calculator.cpp", "C++", 0, 0, 9, 0, 0, 0, 0, 0, 4, 13
"/home/lexyleinchen/osdev/PrintOS/src/apps/calculator/calculator.h", "C++", 0, 0, 6, 0, 0, 0, 0, 0, 2, 8
"/home/lexyleinchen/osdev/PrintOS/src/apps/diskmanager/diskmanager.cpp", "C++", 0, 0, 264, 0, 0, 0, 0, 0, 57, 321
"/home/lexyleinchen/osdev/PrintOS/src/apps/diskmanager/diskmanager.h", "C++", 0, 0, 6, 0, 0, 0, 0, 0, 2, 8
"/home/lexyleinchen/osdev/PrintOS/src/apps/filebrowser/filebrowser.cpp", "C++", 0, 0, 178, 0, 0, 0, 0, 1, 45, 224
"/home/lexyleinchen/osdev/PrintOS/src/apps/filebrowser/filebrowser.h", "C++", 0, 0, 6, 0, 0, 0, 0, 0, 2, 8
"/home/lexyleinchen/osdev/PrintOS/src/apps/terminal/terminal.cpp", "C++", 0, 0, 105, 0, 0, 0, 0, 0, 35, 140
"/home/lexyleinchen/osdev/PrintOS/src/apps/terminal/terminal.h", "C++", 0, 0, 7, 0, 0, 0, 0, 0, 3, 10
"/home/lexyleinchen/osdev/PrintOS/src/apps/texteditor/texteditor.c", "C", 0, 0, 0, 0, 9, 0, 0, 0, 4, 13
"/home/lexyleinchen/osdev/PrintOS/src/apps/texteditor/texteditor.h", "C++", 0, 0, 6, 0, 0, 0, 0, 0, 2, 8
"/home/lexyleinchen/osdev/PrintOS/src/boot/boot.asm", "x86 and x86_64 Assembly", 0, 0, 0, 0, 0, 105, 0, 4, 40, 149
"/home/lexyleinchen/osdev/PrintOS/src/kernel/boot/multiboot.c", "C", 0, 0, 0, 0, 47, 0, 0, 0, 9, 56
"/home/lexyleinchen/osdev/PrintOS/src/kernel/boot/multiboot.h", "C++", 0, 0, 11, 0, 0, 0, 0, 0, 5, 16
"/home/lexyleinchen/osdev/PrintOS/src/kernel/core/log.c", "C", 0, 0, 0, 0, 112, 0, 0, 0, 27, 139
"/home/lexyleinchen/osdev/PrintOS/src/kernel/core/log.h", "C++", 0, 0, 14, 0, 0, 0, 0, 0, 8, 22
"/home/lexyleinchen/osdev/PrintOS/src/kernel/core/work.c", "C", 0, 0, 0, 0, 74, 0, 0, 0, 19, 93
"/home/lexyleinchen/osdev/PrintOS/src/kernel/core/work.h", "C++", 0, 0, 27, 0, 0, 0, 0, 0, 13, 40
"/home/lexyleinchen/osdev/PrintOS/src/kernel/drivers/ahci/ahci.c", "C", 0, 0, 0, 0, 47, 0, 0, 0, 5, 52
"/home/lexyleinchen/osdev/PrintOS/src/kernel/drivers/ahci/ahci.h", "C++", 0, 0, 12, 0, 0, 0, 0, 0, 6, 18
"/home/lexyleinchen/osdev/PrintOS/src/kernel/drivers/ide/ide.c", "C", 0, 0, 0, 0, 292, 0, 0, 0, 68, 360
"/home/lexyleinchen/osdev/PrintOS/src/kernel/drivers/ide/ide.h", "C++", 0, 0, 12, 0, 0, 0, 0, 0, 6, 18
"/home/lexyleinchen/osdev/PrintOS/src/kernel/drivers/pci/pci.c", "C", 0, 0, 0, 0, 97, 0, 0, 0, 19, 116
"/home/lexyleinchen/osdev/PrintOS/src/kernel/drivers/pci/pci.h", "C++", 0, 0, 24, 0, 0, 0, 0, 0, 9, 33
"/home/lexyleinchen/osdev/PrintOS/src/kernel/drivers/ps2/ps2.c", "C", 0, 0, 0, 0, 141, 0, 0, 0, 36, 177
"/home/lexyleinchen/osdev/PrintOS/src/kernel/drivers/ps2/ps2.h", "C++", 0, 0, 14, 0, 0, 0, 0, 0, 8, 22
"/home/lexyleinchen/osdev/PrintOS/src/kernel/drivers/usb/usb.c", "C", 0, 0, 0, 0, 725, 0, 0, 0, 167, 892
"/home/lexyleinchen/osdev/PrintOS/src/kernel/drivers/usb/usb.h", "C++", 0, 0, 30, 0, 0, 0, 0, 0, 7, 37
"/home/lexyleinchen/osdev/PrintOS/src/kernel/framebuffer/framebuffer.c", "C", 0, 0, 0, 0, 8, 0, 0, 0, 3, 11
"/home/lexyleinchen/osdev/PrintOS/src/kernel/framebuffer/framebuffer.h", "C++", 0, 0, 18, 0, 0, 0, 0, 0, 7, 25
"/home/lexyleinchen/osdev/PrintOS/src/kernel/inputs/keyboard.c", "C", 0, 0, 0, 0, 0, 0, 0, 0, 1, 1
"/home/lexyleinchen/osdev/PrintOS/src/kernel/inputs/keyboard.h", "C++", 0, 0, 15, 0, 0, 0, 0, 0, 9, 24
"/home/lexyleinchen/osdev/PrintOS/src/kernel/inputs/mouse.c", "C", 0, 0, 0, 0, 169, 0, 0, 0, 46, 215
"/home/lexyleinchen/osdev/PrintOS/src/kernel/inputs/mouse.h", "C++", 0, 0, 24, 0, 0, 0, 0, 0, 14, 38
"/home/lexyleinchen/osdev/PrintOS/src/kernel/kernel.c", "C", 0, 0, 0, 0, 29, 0, 0, 0, 3, 32
"/home/lexyleinchen/osdev/PrintOS/src/kernel/storage/block.c", "C", 0, 0, 0, 0, 70, 0, 0, 0, 23, 93
"/home/lexyleinchen/osdev/PrintOS/src/kernel/storage/block.h", "C++", 0, 0, 41, 0, 0, 0, 0, 0, 15, 56
"/home/lexyleinchen/osdev/PrintOS/src/kernel/storage/partition/filesystem/fat32/fat32.c", "C", 0, 0, 0, 0, 932, 0, 0, 0, 256, 1188
"/home/lexyleinchen/osdev/PrintOS/src/kernel/storage/partition/filesystem/fat32/fat32.h", "C++", 0, 0, 52, 0, 0, 0, 0, 0, 17, 69
"/home/lexyleinchen/osdev/PrintOS/src/kernel/storage/partition/filesystem/filesystem.c", "C", 0, 0, 0, 0, 64, 0, 0, 0, 20, 84
"/home/lexyleinchen/osdev/PrintOS/src/kernel/storage/partition/filesystem/filesystem.h", "C++", 0, 0, 32, 0, 0, 0, 0, 0, 14, 46
"/home/lexyleinchen/osdev/PrintOS/src/kernel/storage/partition/partition.c", "C", 0, 0, 0, 0, 373, 0, 0, 0, 105, 478
"/home/lexyleinchen/osdev/PrintOS/src/kernel/storage/partition/partition.h", "C++", 0, 0, 39, 0, 0, 0, 0, 0, 17, 56
"/home/lexyleinchen/osdev/PrintOS/src/kernel/storage/storage.c", "C", 0, 0, 0, 0, 107, 0, 0, 0, 31, 138
"/home/lexyleinchen/osdev/PrintOS/src/kernel/storage/storage.h", "C++", 0, 0, 16, 0, 0, 0, 0, 0, 10, 26
"/home/lexyleinchen/osdev/PrintOS/src/linker.ld", "LinkerScript", 0, 0, 0, 0, 0, 0, 32, 0, 7, 39
"/home/lexyleinchen/osdev/PrintOS/src/os/app.h", "C++", 0, 0, 8, 0, 0, 0, 0, 0, 3, 11
"/home/lexyleinchen/osdev/PrintOS/src/os/app_registry.h", "C++", 0, 0, 24, 0, 0, 0, 0, 0, 9, 33
"/home/lexyleinchen/osdev/PrintOS/src/os/font.cpp", "C++", 0, 0, 446, 0, 0, 0, 0, 0, 61, 507
"/home/lexyleinchen/osdev/PrintOS/src/os/font.h", "C++", 0, 0, 7, 0, 0, 0, 0, 0, 5, 12
"/home/lexyleinchen/osdev/PrintOS/src/os/graphics.cpp", "C++", 0, 0, 65, 0, 0, 0, 0, 1, 18, 84
"/home/lexyleinchen/osdev/PrintOS/src/os/graphics.h", "C++", 0, 0, 17, 0, 0, 0, 0, 0, 10, 27
"/home/lexyleinchen/osdev/PrintOS/src/os/os.cpp", "C++", 0, 0, 36, 0, 0, 0, 0, 2, 6, 44
"/home/lexyleinchen/osdev/PrintOS/src/os/os.h", "C++", 0, 0, 11, 0, 0, 0, 0, 0, 5, 16
"/home/lexyleinchen/osdev/PrintOS/src/os/os_mouse.cpp", "C++", 0, 0, 48, 0, 0, 0, 0, 0, 6, 54
"/home/lexyleinchen/osdev/PrintOS/src/os/os_mouse.h", "C++", 0, 0, 5, 0, 0, 0, 0, 0, 3, 8
"/home/lexyleinchen/osdev/PrintOS/src/os/taskbar.cpp", "C++", 0, 0, 36, 0, 0, 0, 0, 2, 8, 46
"/home/lexyleinchen/osdev/PrintOS/src/os/taskbar.h", "C++", 0, 0, 6, 0, 0, 0, 0, 0, 3, 9
"/home/lexyleinchen/osdev/PrintOS/src/os/ui.cpp", "C++", 0, 0, 284, 0, 0, 0, 0, 1, 76, 361
"/home/lexyleinchen/osdev/PrintOS/src/os/ui.h", "C++", 0, 0, 39, 0, 0, 0, 0, 0, 18, 57
"Total", "-", 108, 4, 2000, 106, 3296, 105, 32, 11, 1541, 7203